rank,model_name,mae,rmse,wape,mase,forecast_bias,improvement_vs_seasonal_24,improvement_vs_seasonal_168,training_seconds,prediction_seconds,run_id
1,seasonal_naive_168h,0.0,0.0,0.0,,0.0,1.0,,0.0,0.0011917920201085508,86372b9dfe904a72af00def53f083ec9
2,seasonal_naive_average_24h_168h,3.0,3.0,0.0025800903031606105,,-3.0,0.5,,0.0,0.0022307499893940985,28ab347f6a3b47d6b6e828e8fa85ddba
3,seasonal_naive_24h,6.0,6.0,0.005160180606321221,,-6.0,0.0,,0.0,0.0011946659942623228,be392c1b6153433c9a0fcde12631a64f
4,last_value,8.25,8.25,0.0070952483336916795,,-8.25,-0.3750000000000001,,0.0,0.0008669999951962382,2fa18fa1d5ca4fa7be3b11ecb2a2f5a7
5,lightgbm_global,23.727716189430794,23.727716189430794,0.020406550152165807,,-23.727716189430794,-2.954619364905132,,0.01192566700046882,0.008431124995695427,5b88a448feca47ce8c0cf0bca18cfda4
